{
  "restartable": "rs",
  "ignore": [
    ".git",
    "node_modules/**/node_modules"
  ],
  "urls": [
    {
      "original_url": "https://silkiercomet.github.io/url-shortening-site",
      "short_url": 1
    },
    {
      "original_url": "https://youtube.com",
      "short_url": 2
    },
    {
      "original_url": "https://boilerplate-project-urlshortener.silkiercomet466.repl.co/?v=1659470511387",
      "short_url": 3
    },
    {
      "original_url": "https://boilerplate-project-urlshortener.silkiercomet466.repl.co/?v=1659470511764",
      "short_url": 4
    }
  ]
}